{
  "components/account/edit-account": "<form action=\"{{urls.account.update_action}}\" data-edit-account-form class=\"form\" method=\"post\">\r\n    {{inject 'firstName' (lang 'forms.validate.account.edit.first_name')}}\r\n    {{inject 'lastName' (lang 'forms.validate.account.edit.last_name')}}\r\n    {{inject 'phoneNumber' (lang 'forms.validate.account.edit.phone')}}\r\n    {{inject 'currentPassword' (lang 'forms.validate.account.edit.password')}}\r\n    <fieldset class=\"form-fieldset\">\r\n        <div class=\"form-row form-row--half\">\r\n            <div class=\"form-field\">\r\n                <label class=\"form-label\" for=\"account_firstname\">\r\n                    {{lang 'account.settings.first_name' }}\r\n                    <small>{{lang 'common.required' }}</small>\r\n                </label>\r\n                <input type=\"text\" class=\"form-input\" name=\"account_firstname\" id=\"account_firstname\" value=\"{{forms.edit_account.first_name}}\">\r\n            </div>\r\n            <div class=\"form-field\">\r\n                <label class=\"form-label\" for=\"account_lastname\">\r\n                    {{lang 'account.settings.last_name' }}\r\n                    <small>{{lang 'common.required' }}</small>\r\n                </label>\r\n                <input type=\"text\" class=\"form-input\" name=\"account_lastname\" id=\"account_lastname\" value=\"{{forms.edit_account.last_name}}\">\r\n            </div>\r\n            <div class=\"form-field\">\r\n                <label class=\"form-label\" for=\"account_companyname\">\r\n                    {{lang 'account.settings.company' }}\r\n                </label>\r\n                <input type=\"text\" class=\"form-input\" name=\"account_companyname\" id=\"account_companyname\" value=\"{{forms.edit_account.company_name}}\">\r\n            </div>\r\n            <div class=\"form-field\">\r\n                <label class=\"form-label\" for=\"account_phone\">\r\n                    {{lang 'account.settings.phone' }}\r\n                    <small>{{lang 'common.required' }}</small>\r\n                </label>\r\n                <input type=\"text\" class=\"form-input\" name=\"account_phone\" id=\"account_phone\" value=\"{{forms.edit_account.phone}}\">\r\n            </div>\r\n            {{#each forms.edit_account.fields}}\r\n                {{{dynamicComponent 'components/common/forms'}}}\r\n            {{/each}}\r\n        </div>\r\n    </fieldset>\r\n    <div class=\"form-actions\">\r\n        <button class=\"button button--primary\">{{lang 'account.settings.update_details'}}</button>\r\n    </div>\r\n</form>\r\n",
  "components/common/forms/multiline": "<div class=\"form-field\" id=\"{{id}}\" data-validation=\"{{validation}}\">\r\n    <label class=\"form-label\" for=\"{{id}}_input\">{{label}}\r\n        {{#if required}}\r\n            <small>{{lang 'common.required' }}</small>\r\n        {{/if}}\r\n    </label>\r\n    <textarea name=\"{{name}}\" id=\"{{id}}_input\" data-label=\"{{label}}\" rows=\"{{rows}}\" aria-required=\"{{required}}\" class=\"form-input\" {{#if private_id}}data-field-type=\"{{private_id}}\"{{/if}}>{{value}}</textarea>\r\n</div>\r\n",
  "components/common/forms/checkbox": "<div class=\"form-field\" id=\"{{id}}\" data-validation=\"{{validation}}\" {{#if private_id}}data-type=\"{{private_id}}\"{{/if}}>\r\n    <label class=\"form-label\" for=\"{{id}}\">{{label}}\r\n        {{#if required}}\r\n            <small>{{lang 'common.required' }}</small>\r\n        {{/if}}\r\n    </label>\r\n    {{#if checkboxes}}\r\n        {{#each checkboxes}}\r\n            <input type=\"checkbox\" value=\"{{value}}\" name=\"{{name}}\" id=\"{{name}}\" data-label=\"{{label}}\" class=\"form-checkbox\" {{#if checked}}checked{{/if}} {{#if private_id}}data-field-type=\"{{private_id}}\"{{/if}}>\r\n            <label class=\"form-label {{class}}\" for=\"{{name}}\">{{label}}</label>\r\n        {{/each}}\r\n    {{/if}}\r\n</div>\r\n",
  "components/common/forms/number": "<div class=\"form-field\" id=\"{{id}}\" data-validation=\"{{validation}}\">\r\n    <label class=\"form-label\" for=\"{{id}}_input\">{{label}}\r\n        {{#if required}}<small>{{lang 'common.required' }}</small>{{/if}}\r\n    </label>\r\n    <input type=\"number\" class=\"form-input\" data-label=\"{{label}}\" data-rule=\"lowerThan\" min=\"{{limitfrom}}\" max=\"{{limitto}}\" title=\"{{lang 'forms.range' limitFrom=limitfrom limitTo=limitto}}\" value=\"{{value}}\" id=\"{{id}}_input\" name=\"{{name}}\" aria-required=\"{{required}}\" {{#if private_id}}data-field-type=\"{{private_id}}\"{{/if}}>\r\n</div>\r\n",
  "components/common/forms/date": "<div class=\"form-field\" id=\"{{id}}\" data-validation=\"{{validation}}\" {{#if private_id}}data-type=\"{{private_id}}\"{{/if}}>\r\n    <label class=\"form-label\" for=\"{{id}}\" >{{label}}\r\n    {{#if required}}<small>{{lang 'common.required' }}</small>{{/if}}</label>\r\n    <div class=\"form-row form-row--third\">\r\n        <div class=\"form-field\">\r\n            <select class=\"form-select\" name=\"{{month.name}}\" id=\"{{id}}_day\" data-label=\"month\"  aria-required=\"{{required}}\" {{#if private_id}}data-field-type=\"{{private_id}}\"{{/if}}>\r\n                {{#each month.items}}\r\n                    <option {{#if ../month.value '==' value}} selected {{/if}}value=\"{{value}}\">{{label}}</option>\r\n                {{/each}}\r\n            </select>\r\n        </div>\r\n        <div class=\"form-field\">\r\n            <select class=\"form-select\" name=\"{{day.name}}\" id=\"{{id}}_month\" data-label=\"day\" aria-required=\"{{required}}\" {{#if private_id}}data-field-type=\"{{private_id}}\"{{/if}}>\r\n                {{#each day.items}}\r\n                    <option {{#if ../day.value '==' value}} selected {{/if}}value=\"{{value}}\">{{label}}</option>\r\n                {{/each}}\r\n            </select>\r\n        </div>\r\n        <div class=\"form-field\">\r\n            <select class=\"form-select\" name=\"{{year.name}}\" id=\"{{id}}_year\" data-label=\"year\" aria-required=\"{{required}}\" {{#if private_id}}data-field-type=\"{{private_id}}\"{{/if}}>\r\n                {{#each year.items}}\r\n                    <option {{#if ../year.value '==' value}} selected {{/if}}value=\"{{value}}\">{{label}}</option>\r\n                {{/each}}\r\n            </select>\r\n        </div>\r\n    </div>\r\n</div>\r\n",
  "components/common/forms/password": "<div class=\"form-field\" id=\"{{id}}\" data-validation=\"{{validation}}\" {{#if private_id}}data-type=\"{{private_id}}\"{{/if}}>\r\n    <label class=\"form-label\" for=\"{{id}}_input\">{{label}}\r\n        {{#if required}}\r\n            <small>{{lang 'common.required' }}</small>\r\n        {{/if}}\r\n    </label>\r\n    <input type=\"password\"  class=\"form-input\" id=\"{{id}}_input\" data-label=\"{{label}}\" name=\"{{name}}\" value=\"{{value}}\" autocomplete=\"off\" aria-required=\"{{required}}\" {{#if private_id}}data-field-type=\"{{private_id}}\"{{/if}}>\r\n</div>\r\n",
  "components/common/forms/radio": "<div class=\"form-field\" id=\"{{id}}\" data-validation=\"{{validation}}\">\r\n    <label class=\"form-label\">{{label}}\r\n        {{#if required}}\r\n            <small>{{lang 'common.required' }}</small>\r\n        {{/if}}\r\n    </label>\r\n    {{#if radios}}\r\n        {{#each radios}}\r\n            <input \r\n                type=\"radio\"\r\n                class=\"form-radio\"\r\n                name=\"{{../name}}\"\r\n                id=\"{{../name}}_{{@index}}\"\r\n                value=\"{{value}}\"\r\n                data-label=\"{{label}}\"\r\n                aria-required=\"{{required}}\"\r\n                {{#if checked}}\r\n                    checked\r\n                {{/if}}\r\n                {{#if private_id}}\r\n                    data-field-type=\"{{private_id}}\"\r\n                {{/if}}>\r\n            <label class=\"form-label\" for=\"{{../name}}_{{@index}}\">{{label}}</label>\r\n        {{/each}}\r\n    {{/if}}\r\n</div>\r\n",
  "components/common/forms/select": "<div class=\"form-field\" id=\"{{id}}\" data-validation=\"{{validation}}\" {{#if private_id}}data-type=\"{{private_id}}\"{{/if}} >\r\n    <label class=\"form-label\" for=\"{{id}}_select\">{{label}}\r\n        {{#if required}}<small>{{lang 'common.required' }}</small>{{/if}}\r\n    </label>\r\n    <select class=\"{{class}} form-select\" id=\"{{id}}_select\" data-label=\"{{label}}\" aria-required=\"{{required}}\" name=\"{{name}}\"{{#if private_id}}data-field-type=\"{{private_id}}\"{{/if}}>\r\n        {{#if options}}\r\n            <option value=\"\">{{chooseprefix}}</option>\r\n            {{#each options}}\r\n                <option {{#if selected}} selected {{/if}}value=\"{{value}}\">{{label}}</option>\r\n            {{/each}}\r\n        {{/if}}\r\n    </select>\r\n</div>\r\n",
  "components/common/forms/selectortext": "<div class=\"form-field\" id=\"{{id}}\" data-validation=\"{{validation}}\" {{#if private_id}}data-type=\"{{private_id}}\"{{/if}}>\r\n    <noscript>\r\n        <label class=\"form-label\" for=\"{{id}}_input\">{{label}}\r\n            {{#if required}}<small>{{lang 'common.required' }}</small>{{/if}}\r\n        </label>\r\n        <input type=\"text\" id=\"{{id}}_input\" name=\"{{name}}\" value=\"{{value}}\" class=\"form-input\" aria-required=\"{{required}}\" data-label=\"{{label}}\" />\r\n    </noscript>\r\n\r\n    <label class=\"form-label\" for=\"{{id}}_select\">{{label}}\r\n        {{#if required}}\r\n            <small>{{lang 'common.required'}}</small>\r\n        {{/if}}\r\n    </label>\r\n    <select name=\"{{name}}\" class=\"form-select\" aria-required=\"{{required}}\" id=\"{{id}}_select\" data-label=\"{{label}}\" {{#if private_id}}data-field-type=\"{{private_id}}\"{{/if}}>\r\n        {{#if options}}\r\n            <option value=\"\">{{chooseprefix}}</option>\r\n            {{#each options}}\r\n                <option {{#if selected}} selected {{/if}}value=\"{{value}}\">{{label}}</option>\r\n            {{/each}}\r\n        {{/if}}\r\n    </select>\r\n</div>\r\n",
  "components/common/forms/text": "<div class=\"form-field\" id=\"{{id}}\" data-validation=\"{{validation}}\" {{#if private_id}}data-type=\"{{private_id}}\"{{/if}}>\r\n    <label class=\"form-label\" for=\"{{id}}_input\">{{label}}\r\n        {{#if required}}<small>{{lang 'common.required' }}</small>{{/if}}\r\n    </label>\r\n    <input type=\"text\" id=\"{{id}}_input\" data-label=\"{{label}}\" name=\"{{name}}\" {{#if value}} value=\"{{value}}\"{{/if}} class=\"form-input\" aria-required=\"{{required}}\" {{#if private_id}}data-field-type=\"{{private_id}}\"{{/if}}>\r\n</div>\r\n"
}