{
  "components/amp/products/product-options": "<div class=\"productView\">\r\n    <div class=\"productView-options\">\r\n        <form class=\"form\" method=\"post\" action=\"{{product.cart_url}}\" enctype=\"multipart/form-data\" data-cart-item-add target=\"_self\">\r\n            <input type=\"hidden\" name=\"action\" value=\"add\">\r\n            <input type=\"hidden\" name=\"product_id\" value=\"{{product.id}}\"/>\r\n            {{#each product.customizations}}\r\n                {{{dynamicComponent 'components/products/customizations'}}}\r\n            {{/each}}\r\n            <div data-product-option-change style=\"display:none;\">\r\n                {{#each product.options}}\r\n                    {{{dynamicComponent 'components/products/options'}}}\r\n                {{/each}}\r\n            </div>\r\n            {{#if product.event_date}}\r\n                {{> components/products/event-date}}\r\n            {{/if}}\r\n            {{#if product.can_purchase}}\r\n                {{> components/products/add-to-cart}}\r\n            {{/if}}\r\n            <div class=\"loadingOverlay\"></div>\r\n        </form>\r\n    </div>\r\n</div>\r\n",
  "components/products/customizations/checkbox": "<div class=\"form-field\">\r\n    <input class=\"form-checkbox\" type=\"checkbox\" id=\"customization_{{this.id}}_{{../id}}\" {{#if required}}required {{/if}}name=\"ProductFields[{{this.id}}]\" {{#if value}}checked{{/if}}>\r\n    <label class=\"form-label form-label--alternate form-label--inlineSmall\" for=\"customization_{{this.id}}_{{../id}}\">\r\n        {{ this.display_name }}\r\n        {{#if required}}\r\n            <small>{{lang 'common.required'}}</small>\r\n        {{/if}}\r\n    </label>\r\n</div>\r\n",
  "components/products/event-date": "<div class=\"form-field\">\r\n    <label class=\"form-label form-label--alternate form-label--inlineSmall\">\r\n    {{product.event_date.name}}:\r\n    <small>{{lang 'common.required'}}</small>\r\n    </label>\r\n    <select class=\"form-select form-select--date\" name=\"EventDate[Mth]\" required>\r\n        <option value=\"\">{{lang 'common.month'}}</option>\r\n        {{#enumerate 1 12}}\r\n            <option value=\"{{this}}\">{{getShortMonth this}}</option>\r\n        {{/enumerate}}\r\n    </select>\r\n    <select class=\"form-select form-select--date\" name=\"EventDate[Day]\" required>\r\n        <option value=\"\">{{lang 'common.day'}}</option>\r\n        {{#enumerate 1 31}}\r\n            <option value=\"{{this}}\">{{this}}</option>\r\n        {{/enumerate}}\r\n    </select>\r\n    <select class=\"form-select form-select--date\" name=\"EventDate[Yr]\" required>\r\n        <option value=\"\">{{lang 'common.year'}}</option>\r\n        {{#enumerate product.event_date.earliest_year product.event_date.latest_year}}\r\n            <option value=\"{{this}}\" >{{this}}</option>\r\n        {{/enumerate}}\r\n    </select>\r\n</div>\r\n",
  "components/products/customizations/file": "<div class=\"form-field\">\r\n    <label class=\"form-label form-label--alternate form-label--inlineSmall\" for=\"customization_{{this.id}}_{{../id}}\">\r\n        {{ this.display_name }}:\r\n        {{#if required}}\r\n            <small>{{lang 'common.required'}}</small>\r\n        {{/if}}\r\n    </label>\r\n    <input class=\"form-file\" type=\"file\" id=\"customization_{{this.id}}_{{../id}}\" {{#if required}}required {{/if}}name=\"ProductFields[{{this.id}}]\">\r\n    {{#if original_name}}\r\n        {{{lang 'products.file_option_set' url=file_url name=original_name}}}\r\n    {{/if}}\r\n    <p class=\"form-fileDescription\">{{#if file_size}}{{lang 'products.max_filesize'}} <strong>{{file_size}}</strong>, {{/if}}{{#if file_types}}{{lang 'products.filetypes'}} <strong>{{file_types}}</strong>{{/if}}</p>\r\n</div>\r\n",
  "components/products/add-to-cart": "<div class=\"form-field form-field--increments\">\r\n    <label class=\"form-label form-label--alternate\"\r\n           for=\"qty[]\">{{lang 'products.quantity'}}</label>\r\n\r\n    <div class=\"form-increment\" data-quantity-change>\r\n        <button class=\"button button--icon\" data-action=\"dec\">\r\n            <span class=\"is-srOnly\">{{lang 'products.quantity_decrease'}}</span>\r\n            <i class=\"icon\" aria-hidden=\"true\">\r\n                <svg>\r\n                    <use xlink:href=\"#icon-keyboard-arrow-down\"/>\r\n                </svg>\r\n            </i>\r\n        </button>\r\n        <input class=\"form-input form-input--incrementTotal\"\r\n               id=\"qty[]\"\r\n               name=\"qty[]\"\r\n               type=\"tel\"\r\n               value=\"{{#if product.min_purchase_quantity}}{{product.min_purchase_quantity}}{{else}}1{{/if}}\"\r\n               data-quantity-min=\"{{product.min_purchase_quantity}}\"\r\n               data-quantity-max=\"{{product.max_purchase_quantity}}\"\r\n               min=\"1\"\r\n               pattern=\"[0-9]*\"\r\n               aria-live=\"polite\">\r\n        <button class=\"button button--icon\" data-action=\"inc\">\r\n            <span class=\"is-srOnly\">{{lang 'products.quantity_increase'}}</span>\r\n            <i class=\"icon\" aria-hidden=\"true\">\r\n                <svg>\r\n                    <use xlink:href=\"#icon-keyboard-arrow-up\"/>\r\n                </svg>\r\n            </i>\r\n        </button>\r\n    </div>\r\n</div>\r\n\r\n<div class=\"alertBox productAttributes-message\" style=\"display:none\">\r\n    <div class=\"alertBox-column alertBox-icon\">\r\n        <icon glyph=\"ic-success\" class=\"icon\" aria-hidden=\"true\"><svg xmlns=\"http://www.w3.org/2000/svg\" width=\"24\" height=\"24\" viewBox=\"0 0 24 24\"><path d=\"M12 2C6.48 2 2 6.48 2 12s4.48 10 10 10 10-4.48 10-10S17.52 2 12 2zm1 15h-2v-2h2v2zm0-4h-2V7h2v6z\"></path></svg></icon>\r\n    </div>\r\n    <p class=\"alertBox-column alertBox-message\"></p>\r\n</div>\r\n{{#or customer (if theme_settings.restrict_to_login '!==' true)}}\r\n    <div class=\"form-action\">\r\n        <input id=\"form-action-addToCart\" data-wait-message=\"{{lang 'products.adding_to_cart'}}\" class=\"button button--primary\" type=\"submit\"\r\n            value=\"{{#if product.pre_order}}{{lang 'products.pre_order'}}{{else}}{{lang 'products.add_to_cart'}}{{/if}}\">\r\n    </div>\r\n     {{{snippet 'product_addtocart'}}}\r\n{{/or}}\r\n",
  "components/products/customizations/select": "<div class=\"form-field\">\r\n    <label class=\"form-label form-label--alternate form-label--inlineSmall\" for=\"customization_{{id}}_{{../id}}\">\r\n        {{ display_name }}:\r\n        {{#if required}}\r\n            <small>{{lang 'common.required'}}</small>\r\n        {{/if}}\r\n    </label>\r\n    <select class=\"form-select form-select--small\" name=\"ProductFields[{{id}}]\" id=\"customization_{{id}}_{{../id}}\"{{#if required}} required{{/if}}>\r\n        <option value=\"\">{{lang 'products.choose_an_option'}}</option>\r\n        {{#each values}}\r\n            <option value=\"{{this}}\" {{#if ../value '===' this}}selected{{/if}}>{{this}}</option>\r\n        {{/each}}\r\n    </select>\r\n</div>\r\n",
  "components/products/customizations/textarea": "<div class=\"form-field\">\r\n    <label class=\"form-label form-label--alternate form-label--inlineSmall\" for=\"customization_{{id}}_{{../id}}\">\r\n        {{display_name}}:\r\n        {{#if required}}\r\n            <small>{{lang 'common.required'}}</small>\r\n        {{/if}}\r\n    </label>\r\n    <textarea class=\"form-input\" id=\"customization_{{id}}_{{../id}}\" {{#if required}}required {{/if}}name=\"ProductFields[{{id}}]\">{{value}}</textarea>\r\n</div>\r\n",
  "components/products/customizations/text": "<div class=\"form-field\">\r\n    <label class=\"form-label form-label--alternate form-label--inlineSmall\" for=\"customization_{{id}}_{{../id}}\">\r\n        {{ display_name }}:\r\n        {{#if required}}\r\n            <small>{{lang 'common.required'}}</small>\r\n        {{/if}}\r\n    </label>\r\n    <input class=\"form-input form-input--small\" type=\"text\" id=\"customization_{{id}}_{{../id}}\" {{#if required}}required {{/if}}name=\"ProductFields[{{id}}]\" value=\"{{value}}\">\r\n</div>\r\n",
  "components/products/options/date": "<div class=\"form-field\" data-product-attribute=\"date\">\r\n    <label class=\"form-label form-label--alternate form-label--inlineSmall\" {{#if style}}style=\"{{style}}\" {{/if}}>\r\n        {{this.display_name}}:\r\n\r\n        {{#if required}}\r\n            <small>{{lang 'common.required'}}</small>\r\n        {{/if}}\r\n    </label>\r\n    <select class=\"form-select form-select--date\" name=\"attribute[{{this.id}}][month]\" {{#if required}}required{{/if}}>\r\n        <option value=\"\">{{lang 'common.month'}}</option>\r\n        {{#for 1 12}}\r\n            <option value=\"{{$index}}\" {{#if ../selected_date.month '==' $index}}selected=\"selected\"{{/if}}>\r\n                {{lang (concat 'common.short_months.' $index)}}\r\n            </option>\r\n        {{/for}}\r\n    </select>\r\n    <select class=\"form-select form-select--date\" name=\"attribute[{{this.id}}][day]\" {{#if required}}required{{/if}}>\r\n        <option value=\"\">{{lang 'common.day'}}</option>\r\n        {{#for 1 31}}\r\n            <option value=\"{{$index}}\" {{#if ../selected_date.day '==' $index}}selected=\"selected\"{{/if}}>\r\n                {{$index}}\r\n            </option>\r\n        {{/for}}\r\n    </select>\r\n    <select class=\"form-select form-select--date\" name=\"attribute[{{this.id}}][year]\" {{#if required}}required{{/if}}>\r\n        <option value=\"\">{{lang 'common.year'}}</option>\r\n        {{#for earliest_year latest_year}}\r\n            <option value=\"{{$index}}\" {{#if ../selected_date.year '==' $index}}selected=\"selected\"{{/if}}>\r\n                {{$index}}\r\n            </option>\r\n        {{/for}}\r\n    </select>\r\n</div>\r\n",
  "components/products/options/input-checkbox": "<div class=\"form-field\" data-product-attribute=\"input-checkbox\">\r\n    <label class=\"form-label form-label--alternate form-label--inlineSmall\">\r\n        {{display_name}}:\r\n\r\n        {{#if required}}\r\n            <small>{{lang 'common.required'}}</small>\r\n        {{/if}}\r\n    </label>\r\n\r\n    <input \r\n        class=\"form-checkbox\"\r\n        type=\"checkbox\"\r\n        name=\"attribute[{{id}}]\"\r\n        id=\"attribute-{{id}}\"\r\n        value=\"{{value}}\"\r\n        {{#if checked}}checked{{/if}}\r\n        {{#if required}}required{{/if}}>\r\n\r\n    <label class=\"form-label {{class}}\" for=\"attribute-{{id}}\">{{label}}</label>\r\n</div>\r\n",
  "components/products/options/input-numbers": "<div class=\"form-field\" data-product-attribute=\"input-number\">\r\n    <label class=\"form-label form-label--alternate form-label--inlineSmall\" for=\"attribute_{{id}}\">\r\n        {{ this.display_name }}:\r\n\r\n        {{#if required}}\r\n            <small>{{lang 'common.required'}}</small>\r\n        {{/if}}\r\n    </label>\r\n\r\n    <input class=\"form-input\" type=\"number\" id=\"attribute_{{id}}\" {{#unless this.integer_only}}step=\"any\"{{/unless}} name=\"attribute[{{this.id}}]\" value=\"{{this.prefill}}\" {{#if required}}required{{/if}}>\r\n</div>\r\n",
  "components/products/options/input-file": "<div class=\"form-field\" data-product-attribute=\"input-file\">\r\n    <label class=\"form-label form-label--alternate form-label--inlineSmall\" for=\"attribute_{{id}}\">\r\n        {{ this.display_name }}:\r\n\r\n        {{#if required}}\r\n            <small>{{lang 'common.required'}}</small>\r\n        {{/if}}\r\n    </label>\r\n\r\n    <input class=\"form-file\" type=\"file\" id=\"attribute_{{id}}\" name=\"attribute[{{this.id}}]\" {{#if required}}required{{/if}}>\r\n    {{#if original_name}}\r\n        {{{lang 'products.file_option_set' url=file_url name=original_name}}}\r\n        <label>{{lang 'cart.remove_file'}}<input type=\"checkbox\" name=\"{{file_remove}}\"></label>\r\n    {{/if}}\r\n    <p class=\"form-fileDescription\">{{#if file_size}}{{lang 'products.max_filesize'}} <strong>{{file_size}}</strong>, {{/if}}{{#if file_types}}{{lang 'products.filetypes'}} <strong>{{file_types}}</strong>{{/if}}</p>\r\n\r\n</div>\r\n",
  "components/products/options/input-text": "<div class=\"form-field\" data-product-attribute=\"input-text\">\r\n    <label class=\"form-label form-label--alternate form-label--inlineSmall\" for=\"attribute_{{id}}\">\r\n        {{ this.display_name }}:\r\n\r\n        {{#if required}}\r\n            <small>{{lang 'common.required'}}</small>\r\n        {{/if}}\r\n    </label>\r\n\r\n    <input class=\"form-input form-input--small\" type=\"text\" id=\"attribute_{{id}}\" name=\"attribute[{{this.id}}]\" value=\"{{this.prefill}}\" {{#if required}}required{{/if}}>\r\n</div>\r\n",
  "components/products/options/product-list": "<div class=\"form-field\" data-product-attribute=\"product-list\">\r\n    <label class=\"form-label form-label--alternate form-label--inlineSmall\">\r\n        {{display_name}}:\r\n        <span data-option-value></span>\r\n\r\n        {{#if required}}\r\n            <small>{{lang 'common.required'}}</small>\r\n        {{/if}}\r\n    </label>\r\n\r\n    {{#if values.0.image}}\r\n        <ul class=\"productOptions-list\">\r\n            {{#unless required}}\r\n                <li class=\"productOptions-list-item\">\r\n                    <input class=\"form-radio\"\r\n                           type=\"radio\"\r\n                           name=\"attribute[{{id}}]\"\r\n                           value=\"0\"\r\n                           id=\"attribute_0_{{id}}\"\r\n                           checked=\"{{#if defaultValue '==' 0}}checked{{/if}}\" required>\r\n                    <label class=\"form-label\" for=\"attribute_0_{{id}}\">{{lang 'products.none'}}</label>\r\n                </li>\r\n            {{/unless}}\r\n            {{#each values}}\r\n                <li class=\"productOptions-list-item\" data-product-attribute-value=\"{{id}}\">\r\n                    {{#if image}}\r\n                        <figure class=\"productOptions-list-item-figure\">\r\n                            <img class=\"productOptions-list-item-image\" src=\"{{getImage image 'productthumb_size'}}\" alt=\"{{image.alt}}\" title=\"{{image.alt}}\">\r\n                        </figure>\r\n                    {{/if}}\r\n                    <div class=\"productOptions-list-item-content\">\r\n                        <input\r\n                            class=\"form-radio\"\r\n                            type=\"radio\"\r\n                            name=\"attribute[{{../id}}]\"\r\n                            value=\"{{id}}\"\r\n                            id=\"attribute_{{id}}\"\r\n                            {{#if selected}}checked{{/if}}\r\n                            {{#if ../required}}required{{/if}}>\r\n                        <label data-product-attribute-value=\"{{id}}\" class=\"form-label\" for=\"attribute_{{id}}\">{{label}}</label>\r\n                    </div>\r\n                </li>\r\n            {{/each}}\r\n        </ul>\r\n    {{else}}\r\n        {{#unless required}}\r\n        <input class=\"form-radio\"\r\n               type=\"radio\"\r\n               name=\"attribute[{{id}}]\"\r\n               value=\"0\"\r\n               id=\"attribute_0_{{id}}\"\r\n               {{#if defaultValue '==' 0}}checked{{/if}}>\r\n        <label class=\"form-label\" for=\"attribute_0_{{id}}\">{{lang 'products.none'}}</label>\r\n        {{/unless}}\r\n        {{#each values}}\r\n            <input\r\n                class=\"form-radio\"\r\n                type=\"radio\"\r\n                name=\"attribute[{{../id}}]\"\r\n                value=\"{{id}}\"\r\n                id=\"attribute_{{id}}\"\r\n                {{#if selected}}checked{{/if}}\r\n                {{#if ../required}}required{{/if}}>\r\n            <label data-product-attribute-value=\"{{id}}\" class=\"form-label\" for=\"attribute_{{id}}\">{{label}}</label>\r\n        {{/each}}\r\n    {{/if}}\r\n</div>\r\n",
  "components/products/options/set-radio": "<div class=\"form-field\" data-product-attribute=\"set-radio\">\r\n    <label class=\"form-label form-label--alternate form-label--inlineSmall\">\r\n        {{ this.display_name }}:\r\n\r\n        {{#if required}}\r\n            <small>{{lang 'common.required'}}</small>\r\n        {{/if}}\r\n    </label>\r\n\r\n    {{#each this.values}}\r\n        <input\r\n            class=\"form-radio\"\r\n            type=\"radio\"\r\n            id=\"attribute_{{id}}\"\r\n            name=\"attribute[{{../id}}]\"\r\n            value=\"{{id}}\"\r\n            {{#if selected}}checked{{/if}}\r\n            {{#if ../required}}required{{/if}}>\r\n        <label data-product-attribute-value=\"{{id}}\" class=\"form-label\" for=\"attribute_{{id}}\">{{this.label}}</label>\r\n    {{/each}}\r\n</div>\r\n",
  "components/products/options/set-rectangle": "<div class=\"form-field\" data-product-attribute=\"set-rectangle\">\r\n    <label class=\"form-label form-label--alternate form-label--inlineSmall\">\r\n        {{this.display_name}}:\r\n        <span data-option-value></span>\r\n        {{#if required}}\r\n            <small>{{lang 'common.required'}}</small>\r\n        {{/if}}\r\n    </label>\r\n    {{#each this.values}}\r\n        <input\r\n            class=\"form-radio\"\r\n            type=\"radio\"\r\n            id=\"attribute_{{id}}\"\r\n            name=\"attribute[{{../id}}]\"\r\n            value=\"{{id}}\"\r\n            {{#if selected}}checked{{/if}}\r\n            {{#if ../required}}required{{/if}}>\r\n        <label class=\"form-option\" for=\"attribute_{{id}}\" data-product-attribute-value=\"{{id}}\">\r\n            <span class=\"form-option-variant\">{{this.label}}</span>\r\n        </label>\r\n    {{/each}}\r\n</div>\r\n",
  "components/products/options/set-select": "<div class=\"form-field\" data-product-attribute=\"set-select\">\r\n    <label class=\"form-label form-label--alternate form-label--inlineSmall\" for=\"attribute_{{id}}\">\r\n        {{ this.display_name }}:\r\n\r\n        {{#if required}}\r\n            <small>{{lang 'common.required'}}</small>\r\n        {{/if}}\r\n    </label>\r\n\r\n    <select class=\"form-select form-select--small\" name=\"attribute[{{this.id}}]\" id=\"attribute_{{id}}\" {{#if required}}required{{/if}}>\r\n        <option value=\"\">{{lang 'products.choose_options'}}</option>\r\n        {{#each this.values}}\r\n            <option data-product-attribute-value=\"{{id}}\" value=\"{{id}}\" {{#if selected}}selected{{/if}}>{{label}}</option>\r\n        {{/each}}\r\n    </select>\r\n</div>\r\n",
  "components/products/options/swatch": "<div class=\"form-field\" data-product-attribute=\"swatch\">\r\n    <label class=\"form-label form-label--alternate form-label--inlineSmall\">\r\n        {{this.display_name}}:\r\n        <span data-option-value></span>\r\n\r\n        {{#if required}}\r\n            <small>{{lang 'common.required'}}</small>\r\n        {{/if}}\r\n    </label>\r\n\r\n    {{#each this.values}}\r\n        <input class=\"form-radio\" type=\"radio\" name=\"attribute[{{../id}}]\" value=\"{{id}}\" id=\"attribute_{{id}}\" {{#if selected}}checked{{/if}} {{#if ../required}}required{{/if}}>\r\n        <label class=\"form-option form-option-swatch\" for=\"attribute_{{id}}\" data-product-attribute-value=\"{{id}}\">\r\n            {{#if image}}\r\n                <span class='form-option-variant form-option-variant--pattern' title=\"{{this.label}}\" style=\"background-image: url('{{getImage image \"swatch_option_size\"}}');\"></span>\r\n            {{/if}}\r\n            {{#if data.[2]}}\r\n                <span class='form-option-variant form-option-variant--color' title=\"{{this.label}}\" style=\"background-color: #{{data.[0]}}\"></span>\r\n                <span class='form-option-variant form-option-variant--color' title=\"{{this.label}}\" style=\"background-color: #{{data.[1]}}\"></span>\r\n                <span class='form-option-variant form-option-variant--color' title=\"{{this.label}}\" style=\"background-color: #{{data.[2]}}\"></span>\r\n            {{else}}\r\n                {{#if data.[1]}}\r\n                    <span class='form-option-variant form-option-variant--color' title=\"{{this.label}}\" style=\"background-color: #{{data.[0]}}\"></span>\r\n                    <span class='form-option-variant form-option-variant--color' title=\"{{this.label}}\" style=\"background-color: #{{data.[1]}}\"></span>\r\n                {{else}}\r\n                    {{#if data.[0]}}\r\n                        <span class='form-option-variant form-option-variant--color' title=\"{{this.label}}\" style=\"background-color: #{{data.[0]}}\"></span>\r\n                    {{/if}}\r\n                {{/if}}\r\n            {{/if}}\r\n            {{#if pattern}}\r\n                <span class=\"form-option-expanded\">\r\n                    <span class=\"form-option-image\" style=\"background-image: url('{{getImage image 'core-swatch'}}');\"></span>\r\n                </span>\r\n            {{/if}}\r\n        </label>\r\n    {{/each}}\r\n</div>\r\n",
  "components/products/options/textarea": "<div class=\"form-field\" data-product-attribute=\"textarea\">\r\n    <label class=\"form-label form-label--alternate form-label--inlineSmall\" for=\"attribute_{{id}}\">\r\n        {{display_name}}:\r\n\r\n        {{#if required}}\r\n            <small>{{lang 'common.required'}}</small>\r\n        {{/if}}\r\n    </label>\r\n    \r\n    <textarea {{#if display_name '==' 'Wig Size Adjustment'}} style=\"height: 230px\" {{/if}}  class=\"form-input form-resize\" id=\"attribute_{{id}}\" name=\"attribute[{{id}}]\" {{#if required}}required{{/if}}>{{prefill}}</textarea>\r\n\r\n\r\n</div>\r\n"
}